{"Tiempo": 1664330256, "Latitud": 10.035043183325, "Longitud": 158.57160134644, "Velocidad": 27591.830895267}