{"Tiempo": 1664384965, "Latitud": -37.577584004055, "Longitud": -118.41421088097, "Velocidad": 27563.433179699}